nombre_tarjeta,Tasa de interés mensual,Ingreso mínimo,Cuota de manejo,Marca,Solicitar,Costo de avance en efectivo,Tipo de tarjeta
Tarjeta de Crédito Bancolombia Mastercard Joven, 2.01%, $200.000, $15.490, Mastercard, Online, $6.900, Internacional
Tarjeta de Crédito Banco de Occidente Mastercard Joven, No informado, $500.000, $ 16.300, Mastercard, Online," $6,800", Internacional
Tarjeta de Crédito Banco de Occidente Visa Joven, No informado, $500.000, $ 16.300, Visa, Online," $6,800", Internacional
Tarjeta de Crédito Davivienda Visa Liviana," 2,16%", 1 SMLV, $20.000, Visa, Presencial,, Internacional
Tarjeta de Crédito Davivienda Diners Club Liviana," 2,16%", 1 SMLV, $20.000, Diners Club, Presencial,, Internacional
Tarjeta de Crédito Davivienda Mastercard Liviana," 2,16%", 1 SMLV, $20.000, Mastercard, Presencial,, Internacional
Tarjeta de Crédito Banco de Bogotá Biomax Clásica, 2.31%, 1 SMMLV, $30.790, Visa, Online, $5.560, Internacional
Tarjeta de Crédito Banco de Bogotá Movistar Aliada, 2.31%, 1 SMMLV, $26.010, Mastercard, Online, $5.560, Internacional
Tarjeta de Crédito Banco de Bogotá Visa Digital, 2.31%, 1 SMMLV, $24.710, Visa, Online, $5.560, Internacional
Tarjeta de Crédito Bancoomeva Coomeva Mastercard, Disponible en la web de Bancoomeva, No informado, Cero cuota de manejo por un año ($0), Mastercard, Online, $6.545, Internacional
Tarjeta de Crédito Bancoomeva Visa Platino, Disponible en la web de Bancoomeva, No informado, Cero cuota de manejo por un año ($0) Exoneración Cuota de Manejo para tus tarjetas Bancoomeva, Visa, Online, $6.545, Internacional
Tarjeta de Crédito Bancoomeva Visa Oro, Disponible en la web de Bancoomeva, No informado, Cero cuota de manejo por un año ($0) Exoneración Cuota de Manejo para tus tarjetas Bancoomeva, Visa, Online, $6.545, Internacional
Tarjeta de Crédito Bancoomeva Visa Clásica, Disponible en la web de Bancoomeva, No informado, Cero cuota de manejo por un año ($0) Exoneración Cuota de Manejo para tus tarjetas Bancoomeva, Visa, Online, $6.545, Internacional
Tarjeta de Crédito Banco Caja Social Colmédica Platinum," 2,18%", 1 SMMLV, $109.680, Visa, Presencial, $10.520, Internacional
Tarjeta de Crédito Davivienda Mastercard Clásica," 2,40%", 1 SMLV, $28.000, Mastercard, Presencial,, Internacional
Tarjeta de Crédito Banco Popular Mastercard Cero," 31,5100% E.A", No informado, $ 0, Visa, Online, $ 0, Internacional
Tarjeta de Crédito Davivienda Americanino," 2,40%", No informado, $28.000, Visa, Presencial,, Internacional
Tarjeta de Crédito Davivienda NAF NAF," 2,40%", No informado, $28.000, Visa, Presencial,, Internacional
Tarjeta de Crédito Davivienda Rifle," 2,40%", No informado, $28.000, Visa, Presencial,, Internacional
Tarjeta de Crédito Davivienda Chevignon," 2,40%", No informado, $28.000, Visa, Presencial,, Internacional
Tarjeta de Crédito Davivienda Mastercard Alianza Apple," 2,40%", No informado, $28.000, Mastercard, Presencial,, Internacional
Tarjeta de Crédito Davivienda Visa Alianza Apple," 2,40%", No informado, $28.000, Mastercard, Presencial,, Internacional
Tarjeta de Crédito Banco de Bogotá Mastercard Aliada, 2.31%, 1 y 1.5 SMMLV, $26.010, Mastercard, Online, $5.560, Nacional
Tarjeta de Crédito Banco de Bogotá Visa Aliada, 2.31%, 1 y 1.5 SMMLV, $26.010, Visa, Online, $5.560, Nacional
Tarjeta de Crédito Bancolombia Mastercard Ideal, 2.01%, 1 y 2 SMMLV, $16.690, Mastercard, Online, $6.900, Internacional
Tarjeta de Crédito Davivienda Avianca LifeMiles Clásica," 2,40%", No informado, $28.000, Visa, Presencial,, Internacional
Tarjeta de Crédito Davivienda Visa Clásica," 2,40%", 1 SMLV, $28.000, Visa, No,, Internacional
Tarjeta de Crédito Bancolombia Visa Clásica, 2.01%, 1 SMMLV, 6 meses a $0*, Visa, Sí, $6.900, Internacional
Tarjeta de Crédito Itaú Visa Clásica, 2.30821%, $400.000, $34.962 M.V, Visa, Online," $11,099",
Tarjeta de Crédito BBVA Visa Platinum," 2,31%", 1 SMMLV, $38.900, Visa, Online, $10.500,
Tarjeta de Crédito BBVA Visa Oro," 2,31%", No Informado, $34.900, Visa, Online, $10.500,
Tarjeta de Crédito BBVA Visa Clásica," 2,31%", No Informado, $29.600, Visa, Online, $10.500,
Tarjeta de Crédito BBVA Visa Congelada," 2,31%", No Informado, $17.900, Visa, Online, $10.500,
Tarjeta de Crédito BBVA World Vision Standard," 2,31%", No Informado, $29.600, Mastercard, Online, $10.500,
Tarjeta de Crédito BBVA Mastercard Black," 2,31%", No Informado, $48.900, Mastercard, Online, $10.500,
Tarjeta de Crédito BBVA Mastercard Platinum," 2,31%", No Informado, $38.900, Mastercard, Online, $10.500,
Tarjeta de Crédito BBVA Mastercard Gold," 2,31%", No Informado, $34.900, Mastercard, Online, $10.500,
Tarjeta de Crédito BBVA Mastercard Standard," 2,31%", No Informado, $29.600, Mastercard, Online, $10.500,
Tarjeta de Crédito Bancolombia Sufi, 2.52%, $1.000.000, 50% de exoneracion*, Mastercard, Sí, $6.900, Internacional
Tarjeta de Crédito Bancolombia American Express Gold, 2.52%, 1 SMMLV.000, 6 meses a $0*, American Express, Sí, $6.900, Internacional
Tarjeta de Crédito Bancolombia Visa Selección Colombia, 2.52%, 1 SMMLV, $26.490, Visa, Sí, $6.900, Internacional
Tarjeta de Crédito AV Villas Portal 80 Clásica," 2,29% M.V", 1 SMMLV.000," $26,990 M.V", Visa, Online," $14,900",
Tarjeta de Crédito AV Villas Auteco Clásica, 2.31%, 1 SMMLV," $26,990 M.V", Mastercard, Online," $14,900",
Tarjeta de Crédito AV Villas Mastercard Facilísima," 2,29% M.V", No informado," $28,990 M.V", Mastercard, Online," $14,900",
Tarjeta de Crédito Banco de Bogotá Visa Economía, 2.31%, 1.5 SMMLV, $29.380, Visa, Sí, $5.560, Internacional
Tarjeta de Crédito Banco de Bogotá Visa Clásica, 2.31%, 1.5 SMMLV, $29.900, Visa, Sí, $5.560, Internacional
Tarjeta de Crédito Banco de Bogotá Mastercard Clásica, 2.31%, 1.5 SMMLV, $29.900, Mastercard, Sí, $5.560, Internacional
Tarjeta de Crédito Banco de Bogotá Movistar Clásica, 2.31%, 1.51 SMMLV, $30.790, Mastercard, Sí, $5.560, Internacional
Tarjeta de Crédito Banco Caja Social Círculo de suboficiales de las FFMM Mastercard," 2,18%", No Informado, No informado, Mastercard, Sí, $10.520, Internacional
Tarjeta de Crédito Banco Caja Social Círculo de suboficiales de las FFMM Visa," 2,18%", No Informado, No informado, Visa, Sí, $10.520, Internacional
Tarjeta de Crédito Banco Caja Social Comfacesar," 2,18%", No Informado, No informado, Mastercard, Sí, $10.520, Internacional
Tarjeta de Crédito AV Villas Portal 80 Gold," 2,29% M.V", No informado," $27,990 M.V", Visa, Online," $14,900",
Tarjeta de Crédito AV Villas Plaza de Las Américas Gold," 2,29% M.V", No informado," $27,990 M.V", Mastercard, Online," $14,900",
Tarjeta de Crédito AV Villas Plaza de Las Américas Clásica," 2,29% M.V", No informado," $26,990 M.V", Mastercard, Online," $14,900",
Tarjeta de Crédito AV Villas Auteco Gold," 2,29% M.V", No informado," $27,990 M.V", Mastercard, Online," $14,900",
Tarjeta de Crédito AV Villas Vivamos el Tiempo Platino," 2,29% M.V", No informado," $28,990 M.V", Mastercard, Presencial," $14,900",
Tarjeta de Crédito AV Villas Vivamos el Tiempo Gold," 2,29% M.V", No informado," $27,990 M.V", Mastercard, Presencial," $14,900",
Tarjeta de Crédito AV Villas Vivamos el Tiempo Clásica," 2,29% M.V", No informado," $26,990 M.V", Mastercard, Presencial," $14,900",
Tarjeta de Crédito AV Villas Mastercard Platinum," 2,29% M.V", No informado," $28,500 M.V", Mastercard, Online," $14,900",
Tarjeta de Crédito AV Villas Visa Platinum," 2,29% M.V", No informado," $28,500 M.V", Visa, Online," $14,900",
Tarjeta de Crédito AV Villas Mastercard Gold," 2,29% M.V", No informado," $37,990 M.V", Mastercard, Online," $14,900",
Tarjeta de Crédito AV Villas Visa Gold," 2,29% M.V", No informado," $37,990 M.V", Visa, Online," $14,900",
Tarjeta de Crédito AV Villas Mastercard Clásica," 2,29% M.V", No informado," $31,990 M.V", Mastercard, Online," $14,900",
Tarjeta de Crédito AV Villas Visa Clásica," 2,29% M.V", No informado," $31,990 M.V", Visa, Online," $14,900",
Tarjeta de Crédito Banco de Bogotá LATAM Pass Clásica, 2.31%, 1.51 SMMLV, $30.790, Visa, Sí, $5.560, Internacional
Tarjeta de Crédito Banco Popular Mastercard Clásica," 31,5100% E.A", No informado, $27.400, Mastercard, Sí, $ 0, Internacional
Tarjeta de Crédito Banco Popular Visa Clásica," 31,5100% E.A", No informado, $27.400, Visa, Sí, $ 0, Internacional
Tarjeta de Crédito Banco Popular Diamante para Pensionados," 31,5100% E.A", No informado, $27.400, Visa, Sí, $ 0, Nacional
Tarjeta de Crédito Cencosud Básica, 2.26%, No informado," $32,990", Visa, Presencial," $8,571",
Tarjeta de Crédito Banco Finandina Visa Motorysa, 2.30%, No informado, $ 25.900 MV, Visa, Online, $0,
Tarjeta de Crédito Banco Finandina Visa Central Motor, 2.30%, No informado, $ 25.900 MV, Visa, Online, $0,
Tarjeta de Crédito Banco Finandina Visa Finanzauto, 2.30%, No informado, $ 25.900 MV, Visa, Online, $0,
Tarjeta de Crédito Banco Finandina Visa Casa Toro, 2.30%, No informado, $ 25.900 MV, Visa, Online, $0,
Tarjeta de Crédito Banco Finandina Visa Oro, 2.30%, No informado, $ 25.900 MV, Visa, Online, $0,
Tarjeta de Crédito Banco de Occidente Visa Clásica, No informado, No informado, $26.533, Visa, Sí," $6,800", Internacional
Tarjeta de Crédito Davivienda Mujer Clásica," 2,40%", 1 SMLV, $28.000, Mastercard, No,, Internacional
Tarjeta de Crédito Cencosud Clásica, 2.26%, No informado," $32,990", Visa, Presencial," $8,571",
Tarjeta de Crédito GNB Sudameris Mastercard Oro," 2,20%", $1.562.484," $39,000 T.V", Mastercard, Presencial, $0,
Tarjeta de Crédito GNB Sudameris Visa Oro," 2,20%", $1.562.484," $39,000 T.V", Visa, Presencial, $0,
Tarjeta de Crédito Bancolombia Mastercard Platinum, 2.52%, 1 SMMLV, $ 26.533, Mastercard, Sí, $6.900, Internacional
Tarjeta de Crédito Bancolombia Mastercard Oro, 2.52%, 1 SMMLV, 6 meses a $0*, Mastercard, Sí, $6.900, Internacional
Tarjeta de Crédito Bancolombia Mastercard Clásica, 2.01%, 1 SMMLV, 6 meses a $0*, Mastercard, Sí, $6.900, Internacional
Tarjeta de Crédito Bancolombia American Express Green, 2.52%, 1 SMMLV, $33.390*, American Express, Sí, $6.900, Internacional
Tarjeta de Crédito Bancolombia American Express Blue, 2.01%, 1 SMMLV, 6 meses a $0*, American Express, Sí, $6.900, Internacional
Tarjeta de Crédito Bancolombia Visa Platinum, 2.31%, 1 SMMLV, 6 meses a $0*, Visa, Sí, $6.900, Internacional
Tarjeta de Crédito Bancolombia Visa Oro, 2.31%, 1 SMMLV, 6 meses a $0*, Visa, Sí, $6.900, Internacional
Tarjeta de Crédito Bancolombia Avianca LifeMiles, 2.01%, 1 SMMLV, 6 meses a $0*, Visa, Sí, $6.900, Internacional
Tarjeta de Crédito CMR Falabella, 2.26% M.V, Visualiza los datos de tu Tarjeta para comprar por internet, $26.990, Tarjetas Privadas, Online, $26.990,
Tarjeta de Crédito Davivienda Clubes y Colegios," 2,40%", $1.800.000, $28.000, Diners Club, No,,
Tarjeta de Crédito Banco de Occidente Mastercard Clásica, 2.31%, 1 SMMLV, 6 meses a $0*, Mastercard, Sí," $6,800", Internacional
Tarjeta de Crédito Itaú Mastercard Gold, 2.30821%, $600.000, $34.962 M.V, Mastercard, Online," $11,099",
Tarjeta de Crédito Itaú Visa Gold, 2.30821%, $600.000, $34.962 M.V, Visa, Online," $11,099",
Tarjeta de Crédito Davivienda Diners Club," 2,40%", 1 SMLV, $20.000, Diners Club, No,, Internacional
Tarjeta de Crédito Banco de Occidente LATAM Pass Gold, No informado, $1.562.484, $31.600, Visa, Sí," $6,800", Internacional
Tarjeta de Crédito GNB Sudameris Visa Clásica Internacional," 2,20%", $2.500.000," $31,200 T.V", Visa, Presencial, $0,
Tarjeta de Crédito Banco Popular Mastercard Oro," 31,5100% E.A", No informado, $31.100, Mastercard, Sí, $ 0, Internacional
Tarjeta de Crédito Banco Popular Visa Oro," 31,5100% E.A", No informado, $31.100, Visa, Sí, $ 0, Internacional
Tarjeta de Crédito Banco Caja Social Mastercard Oro," 2,18%", 1 SMMLV, $101.850, Mastercard, Sí, $10.520, Internacional
Tarjeta de Crédito Banco Caja Social Visa Oro," 2,18%", 1 SMMLV, $101.850, Visa, Sí, $10.520, Internacional
Tarjeta de Crédito Banco de Occidente Mastercard Gold, No informado, $1.562.484, $31.000, Mastercard, Sí," $6,800", Internacional
Tarjeta de Crédito Banco de Occidente Visa Gold, No informado, $1.562.484, $32.000, Visa, Sí," $6,800", Internacional
Tarjeta de Crédito Davivienda Mujer Platinum," 2,40%", $4.000.000, $37.000, Mastercard, No,, Internacional
Tarjeta de Crédito Davivienda Avianca LifeMiles Gold," 2,40%", No informado, $32.000, Visa, No,, Internacional
Tarjeta de Crédito Davivienda Mastercard Gold," 2,40%", 1 SMLV, $32.000, Mastercard, No,, Internacional
Tarjeta de Crédito Davivienda Visa Gold," 2,40%", 1 SMLV, $32.000, Visa, No,, Internacional
Tarjeta de Crédito Banco de Bogotá Biomax Gold, 2.31%, 6 SMMLV, $35.520, Visa, Sí, $5.560, Internacional
Tarjeta de Crédito Banco de Bogotá Movistar Gold, 2.31%, 6 SMMLV, $35.520, Mastercard, Sí, $5.560, Internacional
Tarjeta de Crédito Banco de Bogotá Visa Gold, 2.31%, 6 SMMLV, $34.700, Visa, Sí, $5.560, Internacional
Tarjeta de Crédito Banco de Bogotá Mastercard Gold, 2.31%, 6 SMMLV, $34.700, Mastercard, Sí, $5.560, Internacional
Tarjeta de Crédito Banco de Bogotá LATAM Pass Gold, 2.31%, 6 SMMLV, $35.520, Visa, Sí, $5.560, Internacional
Tarjeta de Crédito Banco Popular Mastercard Platinum," 31,5100% E.A", No informado, $36.300, Mastercard, Sí, $ 0, Internacional
Tarjeta de Crédito Banco Popular Visa Platinum," 31,5100% E.A", No informado, $36.300, Visa, Sí, $ 0, Internacional
Tarjeta de Crédito GNB Sudameris Mastercard Platinum," 2,20%", $6.249.936," $44,800 T.V", Mastercard, Presencial, $0,
Tarjeta de Crédito GNB Sudameris Visa Platinum," 2,20%", $6.249.936," $44,800 T.V", Visa, Presencial, $0,
Tarjeta de Crédito Banco Caja Social Mastercard Platinum," 2,18%", 1 SMMLV, $109.680, Mastercard, Sí, $10.520, Internacional
Tarjeta de Crédito Banco Caja Social Visa Platinum," 2,18%", 1 SMMLV, $109.680, Visa, Sí, $10.520, Internacional
Tarjeta de Crédito Banco de Occidente Mastercard Platinum, No informado, $1.562.484, $34.623, Mastercard, Sí," $6,800", Internacional
Tarjeta de Crédito Banco de Occidente Visa Platinum, No informado, $1.562.484, $40.260, Visa, Sí," $6,800", Internacional
Tarjeta de Crédito Banco de Occidente LATAM Pass Platinum, No informado, $1.562.484, $35.500, Visa, Sí," $6,800", Internacional
Tarjeta de Crédito Banco de Bogotá Movistar Platinum, 2.31%, 10 SMMLV, $40.260, Mastercard, Sí, $5.560, Internacional
Tarjeta de Crédito Banco de Bogotá LATAM Pass Platinum, 2.31%, 10 SMMLV, $40.260, Visa, Sí, $5.560, Internacional
Tarjeta de Crédito Banco de Bogotá Visa Platinum, 2.31%, 10 SMMLV, $39.080, Visa, Sí, $5.560, Internacional
Tarjeta de Crédito Banco de Bogotá Mastercard Platinum, 2.31%, 10 SMMLV, $35.500, Mastercard, Sí, $5.560, Internacional
Tarjeta de Crédito Davivienda Avianca LifeMiles Platinum," 2,40%", No informado, $37.000, Visa, No,, Internacional
Tarjeta de Crédito Davivienda Mastercard Platinum," 2,40%", 1 SMLV, $37.000, Mastercard, No,, Internacional
Tarjeta de Crédito Davivienda Visa Platinum," 2,40%", No informado, $37.000, Visa, No,, Internacional
Tarjeta de Crédito Davivienda Diners Club Black," 2,40%", 1 SMLV, Sin costo, Diners Club, No,, Internacional
Tarjeta de Crédito GNB Sudameris Mastercard GNB Premier," 2,20%",, No aplica, Mastercard, Presencial, $0,
Tarjeta de Crédito GNB Sudameris Visa Signature," 2,20%", $9.374.904, No aplica, Visa, Presencial, $0,
Tarjeta de Crédito Banco Popular Mastercard Black," 31,5100% E.A", No informado, $36.300, Mastercard, Sí, $ 0, Internacional
Tarjeta de Crédito Banco Popular Visa Signature," 31,5100% E.A", No informado, $45.000, Visa, Sí, $ 0, Internacional
Tarjeta de Crédito Davivienda Avianca LifeMiles Signature," 2,40%", No informado, $46.000, Visa, No,, Internacional
Tarjeta de Crédito Davivienda Mastercard Black," 2,40%", 1 SMLV, $46.000, Mastercard, No,, Internacional
Tarjeta de Crédito Davivienda Visa Signature," 2,40%", 1 SMLV, $46.000, Visa, No,, Internacional
Tarjeta de Crédito Bancolombia Mastercard Black, 2.52%, $10.000.000, 6 meses a $0*, Mastercard, Sí, $6.900, Internacional
Tarjeta de Crédito Bancolombia American Express Platinum, 2.52%, $5 Millones, 6 meses a $0*, American Express, Sí, $6.900, Internacional
Tarjeta de Crédito Banco de Occidente Mastercard Black, No informado, $1.562.484, $43.900, Mastercard, Sí," $6,800", Internacional
Tarjeta de Crédito Banco de Occidente LATAM Pass Signature, No informado, $1.562.484, $44.400, Visa, Sí," $6,800", Internacional
Tarjeta de Crédito Itaú Mastercard Platinum, 2.30821%, $1.200.000, $39.401 M.V, Mastercard, Online," $11,099",
Tarjeta de Crédito Itaú Visa Platinum, 2.30821%, $1.200.000, $39.401 M.V, Visa, Online," $11,099",
Tarjeta de Crédito Bancolombia Visa Infinite, 2.31%, $5 Millones, 6 meses a $0*, Visa, Sí, $6.900, Internacional
Tarjeta de Crédito AV Villas Mastercard Black," 2,29% M.V", No informado," $35,000 M.V", Mastercard, Online," $14,900",
Tarjeta de Crédito Itaú Mastercard Black, 2.30821%, $2.100.000, $49.391 M.V, Mastercard, Online," $11,099",
Tarjeta de Crédito Banco de Bogotá LATAM Pass Signature, 2.31%, 30 SMMLV, $47.980, Visa, Sí, $5.560, Internacional
Tarjeta de Crédito Banco de Bogotá Visa Signature, 2.31%, 30 SMMLV, $48.410, Visa, Sí, $5.560, Internacional
Tarjeta de Crédito Banco de Bogotá Mastercard Black, 2.31%, 30 SMMLV, $48.410, Mastercard, Sí, $5.560, Internacional
Tarjeta de Crédito Banco de Bogotá Visa Infinite, 2.31%, 60 SMMLV, $51.890, Visa, Sí, $5.560, Internacional
Tarjeta de Crédito Banco Caja Social Mastercard Clásica," 2,18%", 1 SMMLV, $84.600, Mastercard, Sí, $10.520, Internacional
Tarjeta de Crédito Banco Caja Social Visa Clásica," 2,18%", 1 SMMLV, $84.600, Visa, Sí, $10.520, Internacional
Tarjeta de Crédito Davivienda Tugó," 2,40%", No informado, $28.000, Mastercard, No,, Internacional
Tarjeta de Crédito Davivienda Corferias Cfiel," 2,40%", No informado, $20.000, Mastercard, No,, Internacional
Tarjeta de Crédito Davivienda ComfaSucre Clásica," 2,40%", No informado, $28.000, Visa, No,, Internacional
Tarjeta de Crédito Davivienda Esprit," 2,40%", No informado, $28.000, Visa, No,, Internacional
Tarjeta de Crédito Banco de Bogotá Corporativa, 2.31%, No informado, $35.400, Visa, No, $5.560, Internacional
Tarjeta de Crédito Banco de Bogotá Negocios Visa, 2.31%, No informado, $32.680, Visa, No, $5.560, Internacional
Tarjeta de Crédito Banco de Bogotá Negocios Mastercard, 2.31%, No informado, $32.680, Mastercard, No, $5.560, Internacional
Tarjeta de Crédito Banco de Bogotá Crecer Visa, 2.31%, No informado, $27.740, Visa, No, $5.560, Internacional
Tarjeta de Crédito Banco de Bogotá Crecer Mastecard, 2.31%, No informado, $27.740, Mastercard, No, $5.560, Internacional
Tarjeta de Crédito Banco de Bogotá Logros Visa, 2.31%, No informado, $23.150, Visa, No, $5.560, Internacional
Tarjeta de Crédito Banco de Bogotá Logros Mastercard, 2.31%, No informado, $23.150, Mastercard, No, $5.560, Internacional
Tarjeta de Crédito Cencosud Platinum, 2.26%, No informado," $41,990", Visa, Presencial," $8,571",
Tarjeta de Crédito Cencosud Gold, 2.26%, No informado, $22.633, Visa, Presencial," $8,571",
Tarjeta de Crédito AV Villas Experto," 2,29% M.V", No informado," $23,990 M.V", Mastercard, Online," $14,900",
Tarjeta de Crédito Davivienda Comfamiliar Risaralda Clásica," 2,40%", No informado, $21.000, Visa, No,, Internacional
Tarjeta de Crédito Davivienda Mango," 2,40%", No informado, $28.000, Visa, No,, Internacional
Tarjeta de Crédito Davivienda Comfaoriente Clásica," 2,40%", No informado, $28.000, Visa, No,, Internacional
Tarjeta de Crédito Davivienda Comfaca Clásica," 2,40%", No informado, $28.000, Visa, No,, Internacional
Tarjeta de Crédito Davivienda Comfaboy Clásica," 2,40%", No informado, $28.000, Visa, No,, Internacional
Tarjeta de Crédito Davivienda Comfiar Clásica," 2,40%", No informado, $28.000, Visa, No,, Internacional
Tarjeta de Crédito Davivienda Comfenalco Tolima Clásica," 2,40%", No informado, $16.800, Visa, No,, Internacional
Tarjeta de Crédito Davivienda Cajasai Clásica," 2,40%", No informado, $28.000, Visa, No,, Internacional
Tarjeta de Crédito Davivienda Comfenalco Santander Clásica," 2,40%", No informado, $16.800, Visa, No,, Internacional
Tarjeta de Crédito Davivienda Cofrem Clásica," 2,40%", No informado, $28.000, Visa, No,, Internacional
Tarjeta de Crédito Davivienda Comfaguajira Clásica," 2,40%", No informado, $28.000, Visa, No,, Internacional
Tarjeta de Crédito Davivienda COMFAMILIAR Nariño Clásica," 2,40%", No informado, $21.000, Visa, No,, Internacional
Tarjeta de Crédito Davivienda COMFAMILIAR Atlántico Oro," 2,40%", No informado, $21.000, Visa, No,, Internacional
Tarjeta de Crédito Davivienda COMFAMILIAR Atlántico Clásica," 2,40%", No informado, $21.000, Visa, No,, Internacional
Tarjeta de Crédito AV Villas Ventura Plaza Clásica," 2,29% M.V", No informado," $26,990 M.V", Mastercard, Online," $14,900",
Tarjeta de Crédito AV Villas Ventura Plaza Gold," 2,29% M.V", No informado," $27,990 M.V", Mastercard, Online," $14,900",
Tarjeta de Crédito BBVA Mastercard Heroes," 2,31%", No Informado, $29.600, Mastercard, Online, $10.500,
Tarjeta de Crédito Banco Caja Social Amigos de la Experiencia Platinum," 2,18%", No Informado, $22.150, Visa, Sí, $10.520, Internacional
Tarjeta de Crédito Banco de Bogotá Elite Negocios, 2.31%, $10Millones, $40.990, Visa, No, $5.560, Internacional
Tarjeta de Crédito Banco de Occidente LATAM Pass Clásica, No informado, No informado, $26.900, Visa, Sí," $6,800", Internacional
Tarjeta de Crédito Banco de Occidente Visa Infinite, No informado, No informado, $47.487, Visa, Sí," $6,800", Internacional
Tarjeta de Crédito CMR Falabella Black, 2.26% M.V, 1 SMMLV / 5.2 SMMLV, $38.900, MasterCard, Online, $26.990,
Tarjeta de Crédito Banco Finandina Visa Autogermana BMW, 2.30%, No informado, $ 25.900 MV, Visa, Online, $0,
Tarjeta de Crédito Banco Finandina Visa Autogermana Motorrad, 2.30%, No informado, $26.900, Visa, Online, $0,
Tarjeta de Crédito GNB Sudameris Visa Corporativa," 2,20%", No informado, No informado, Visa, Presencial, $0,
Tarjeta de Crédito Itaú Mastercard Clásica, 2.30821%, $400.000, $29.967 M.V, Mastercard, Online," $11,099",
Tarjeta de Crédito Itaú Visa Gold LifeMiles, 2.30821%, No informado, $34.407 M.V, Visa, Online," $11,099",
Tarjeta de Crédito Itaú Visa Infinite, 2.30821%, $2.100.000, $52.831 M.V, Visa, Online," $11,099",
Tarjeta de Crédito Itaú Visa Signature LifeMiles, 2.30821%, No informado, $39.956 M.V, Visa, Online," $11,099",
Tarjeta de Crédito Itaú Visa Clásica Universitaria, 2.30821%, No informado, $11.099 M.V, Visa, Online," $11,099",
Tarjeta de Crédito Banco Popular La 14 Oro," 31,5100% E.A", No informado, $28.600, Visa, Sí, $ 0, Internacional
Tarjeta de Crédito Banco Popular Visa Hogar," 31,5100% E.A", No informado, $27.400, Visa, Sí, $ 0, Internacional
Tarjeta de Crédito Banco Popular La 14 Clásica," 31,5100% E.A", No informado, $23.400, Visa, Sí, $ 0, Internacional
Tarjeta de Crédito Bancolombia Mastercard E-Card, 2.52%, $70 mil y $10 millones, $0 mensuales, Mastercard, Sí, $6.900, Internacional
Tarjeta de Crédito Cencosud Infinite, 2.26%, No informado," $41,990", Visa, Presencial," $8,571",
Tarjeta de Crédito Davivienda Mastercard Merkepaisa," 2,40%", No informado, $16.800, Mastercard, No,, Internacional
Tarjeta de Crédito Davivienda Mastercard Uniandinos," 2,40%", No informado, $28.000, Mastercard, No,, Internacional
Tarjeta de Crédito Davivienda Mastercard Uniandinos Gold," 2,40%", No informado, $32.000, Mastercard, No,, Internacional
Tarjeta de Crédito Davivienda Mastercard Uniandinos Platinum, 2.31%, $70 mil y $10 millones, $0 mensuales, Mastercard, No,, Internacional
Tarjeta Móvil Davivienda," 2,40%", 1 SMLV, $20.000, Visa, No,,
Tarjeta de Crédito Davivienda Visa Alianza DentiSalud," 2,40%", No informado, $28.000, Visa, No,, Internacional
Tarjeta de Crédito Davivienda Visa Decameron," 2,40%", 1SMLV, $20.000, Visa, No,, Internacional
Tarjeta de Crédito Davivienda Visa Euro LifeMiles," 2,40%", No informado, $21.000, Visa, No,, Internacional
Tarjeta de Crédito Davivienda," 2,40%", 1 SMLV, $20.000, Tarjetas privadas, No,,
Tarjeta de Crédito Scotiabank Colpatria Infinite Avianca LifeMiles, 2.31%," 1,5 SMLV / 2 SMLV"," $53,990", Visa, Online," $8,571",
Tarjeta de Crédito Scotiabank Colpatria Mastercard Gold AAdvantage, 2.31%, No informado," $37,990", MasterCard, Online," $8,571",
Tarjeta de Crédito Scotiabank Colpatria Mastercard Platinum AAdvantage, 2.31%, No informado," $41,990", MasterCard, Online," $8,571",
Tarjeta de Crédito Scotiabank Colpatria One Cash Back MasterCard, 2.31%," 1,5 SMLV / 2 SMLV"," $31,990", MasterCard, Online," $8,571",
Tarjeta de Crédito Scotiabank Colpatria One Cash Back Visa, 2.31%," 1,5 SMLV / 2 SMLV"," $31,990", Visa, Online," $8,571",
Tarjeta de Crédito Scotiabank Colpatria One Light MasterCard, 2.31%," 1,5 SMLV / 2 SMLV", $0, MasterCard, Online," $8,571",
Tarjeta de Crédito Scotiabank Colpatria One Light Visa, 2.31%," 1,5 SMLV / 2 SMLV", $0, Visa, Online," $8,571",
Tarjeta de Crédito Scotiabank Colpatria One Rewards Black, 2.31%," 1,5 SMLV / 2 SMLV"," $47,990", MasterCard, Online," $8,571",
Tarjeta de Crédito Scotiabank Colpatria One Rewards Classic American Express, 2.31%," 1,5 SMLV / 2 SMLV"," $31,990", American Express, Online," $8,571",
Tarjeta de Crédito Scotiabank Colpatria One Rewards Classic MasterCard, 2.31%," 1,5 SMLV / 2 SMLV"," $31,990", MasterCard, Online," $8,571",
Tarjeta de Crédito Scotiabank Colpatria One Rewards Classic Visa, 2.31%," 1,5 SMLV / 2 SMLV"," $31,990", Visa, Online," $8,571",
Tarjeta de Crédito Scotiabank Colpatria One Rewards Gold American Express, 2.31%," 1,5 SMLV / 2 SMLV"," $36,990", American Express, Online," $8,571",
Tarjeta de Crédito Scotiabank Colpatria One Rewards Gold MasterCard, 2.31%," 1,5 SMLV / 2 SMLV"," $36,990", MasterCard, Online," $8,571",
Tarjeta de Crédito Scotiabank Colpatria One Rewards Gold Visa, 2.31%," 1,5 SMLV / 2 SMLV"," $36,990", Visa, Online," $8,571",
Tarjeta de Crédito Scotiabank Colpatria One Rewards Infinite, 2.31%, No informado," $49,990", Visa, Presencial," $8,571",
Tarjeta de Crédito Scotiabank Colpatria One Rewards Platinum American Express, 2.31%," 1,5 SMLV / 2 SMLV"," $40,990", American Express, Online," $8,571",
Tarjeta de Crédito Scotiabank Colpatria One Rewards Platinum MasterCard, 2.31%," 1,5 SMLV / 2 SMLV"," $40,990", MasterCard, Online," $8,571",
Tarjeta de Crédito Scotiabank Colpatria One Rewards Platinum Visa, 2.31%," 1,5 SMLV / 2 SMLV"," $40,990", Visa, Online," $8,571",
Tarjeta de Crédito Scotiabank Colpatria One Rewards Signature, 2.31%, No informado," $47,990", Visa, Presencial," $8,571",
Tarjeta de Crédito Scotiabank Colpatria Platinum Avianca LifeMiles, 2.31%," 1,5 SMLV / 2 SMLV"," $53,990", Visa, Online," $8,571",
Tarjeto de Crédito Claro Scotiabank Colpatria, 2.31%, No informado," $41,990", Tarjetas privadas, Online," $8,571",
Tarjeta de Crédito Fácil CODENSA Amarilla, 2.31%, No informado," $25,700", Tarjetas privadas, Online," $8,571",
Tarjeta de Crédito Fácil CODENSA MasterCard, 2.31%, No informado," $26,700", MasterCard, Online," $8,571",
Tarjeta de Crédito Fácil CODENSA Verde - Semilla, 2.31%, No informado," $27,700", Tarjetas privadas, Online," $8,571",
Tarjeta de Crédito Scotiabank Colpatria PriceSmart, 2.31%, No informado," $27,660", Tarjetas privadas, Online," $8,571",
Tarjeta de Crédito Scotiabank Colpatria Terpel, 2.31%," 1,5 SMLV / 2 SMLV"," $31,990", Tarjetas privadas, Online," $8,571",
Tarjeta de Crédito Scotiabank Colpatria Visa Gold AAdvantage, 2.31%, No informado," $37,990", Visa, Online," $8,571",
